Zaman_sn,Yukseklik_m,Hiz_ms,Nabiz_bpm
0,100.24835707650561,4.126562015678509,161.6402477003337
1,99.93086784941441,3.8224801502230332,157.33142434468704
2,100.32384426905034,4.141536757116098,161.82188471175073
3,100.76151492820401,4.19497607894059,163.4171143115807
4,99.88292331263833,4.094394649380908,160.98312829077963
5,99.8829315215254,4.387066010359073,163.8933092467612
6,100.7896064077537,3.7662815194039156,156.6536350223025
7,100.38371736457646,3.712697322880071,155.99303007598704
8,99.76526280703253,3.667729669515892,153.75471755507579
9,100.27128002179298,4.272080860118539,166.35560209845573
10,99.76829115359376,4.154044015911435,158.93685926512867
11,99.76713512321487,4.012169553496422,158.61945270097982
12,100.12098113578301,4.043895611685663,159.06263215360974
13,99.04335987767111,3.8705662027732144,160.0171907204566
14,99.13754108374349,4.575396287549017,164.73283406077786
15,99.71885623537952,4.053958612857093,162.89449839160815
16,99.49358443983279,4.0725205149376995,159.12501612080564
17,100.15712366629764,4.129440958149975,161.93095973909615
18,99.5459879622394,4.141603050123404,159.51833037583424
19,99.29384814933235,4.115391989922592,165.09114222943887
20,100.73282438446078,3.7686226704648593,155.67744205881996
21,99.88711184975674,4.105582486451526,161.61902220984769
22,100.03376410234397,4.37302848906061,165.0147207036423
23,99.28762590689327,4.340321418541669,163.87462533376632
24,99.72780863773741,4.345856461554138,162.95189361665467
25,100.05546129485494,3.8922107352282693,158.6901966002433
26,99.42450321128885,3.8596287148193986,158.39616169779666
27,100.18784900917284,3.9560577150627867,159.3604976519573
28,99.6996806550406,4.041176916953679,162.18936773064692
29,99.85415312510337,4.233422991183853,166.68235247757292
30,99.6991466938853,3.6915924046685067,155.65051382361202
31,100.92613909225447,4.213296154666676,159.85642513363584
32,99.99325138763103,3.969073281521099,159.510794412324
33,99.47114453552204,3.9675093324583113,164.5700842676528
34,100.41127245605159,3.756451879342807,156.16280588551442
35,99.38957817501449,3.730070848125397,160.27373117964933
36,100.10443179750237,4.154190937042146,164.94952689732554
37,99.0201649380601,4.11264709963167,159.52937698193077
38,99.33590697555078,3.808417122496711,158.89009087111305
39,100.09843061793457,3.73114118379382,160.61742039316258
40,100.36923328999771,3.8959197311422034,158.38555847444593
41,100.08568414059499,4.325235890998379,162.88804026007656
42,99.94217585880588,3.953864143846691,158.34636753997256
43,99.84944815220535,3.7144265941558436,155.0394765562754
44,99.26073900481629,4.024777486701183,158.57958927928794
45,99.64007789580265,3.981447496470201,157.1866333790788
46,99.76968061452011,3.483654609959675,154.78955334337525
47,100.52856111310946,3.9362849153854915,158.08718324829235
48,100.17180914478423,3.936632179479841,159.919798190772
49,99.11847992231863,4.227393280730821,158.72138147606026
50,100.1620419846974,4.353587020519329,164.2786516619709
51,99.80745885979184,4.244567119930368,164.01645855241742
52,99.66153899984702,3.9800683619043316,155.64398183382391
53,100.30583814442043,3.748111003809622,158.38214225000158
54,100.51549976124798,4.463121984525174,167.3443077108223
55,100.4656400595581,3.965279680847088,157.46633480086754
56,99.58039123838869,4.044746734543721,163.58280773830697
57,99.84539381207439,4.01063560137056,160.8670909384749
58,100.16563171570178,4.0230537805833935,158.903329952168
59,100.48777256356118,3.9223506612590935,159.35585473905613
60,99.76041288107736,3.9092263105162175,160.0891233707443
61,99.90717051166808,3.899911160585113,159.10470764451
62,99.44683251299699,4.048766094657101,161.28858918796223
63,99.40189668795966,3.9511253769772807,157.37085492759388
64,100.4062629111971,3.816804552344857,158.70989862711926
65,100.67812001428541,3.953474044109838,157.04637145443112
66,99.96399493920984,3.9526050625948446,159.28559597285596
67,100.50176644894601,4.250621952821937,160.9492874697628
68,100.18081801252382,3.4517242370690164,153.13659149177252
69,99.67744012269743,4.250557358114749,164.81647999291707
70,100.18069780275421,4.231147258224105,164.58444172480668
71,100.76901828323298,3.5084201251950717,156.68698663538157
72,99.98208698044502,3.933253783139428,157.13895579227164
73,100.782321827907,3.847479644010142,158.2331404546653
74,98.69012744795513,3.8494849162609217,160.26610828654518
75,100.41095125218762,3.8033415372630635,158.52232482600425
76,100.04352353411909,3.7735324774949253,162.39574562197217
77,99.85049632476706,4.365404456208018,164.36592840325244
78,100.04588038826775,4.182547639802718,162.2325148251411
79,99.00621554269955,4.353689464728876,162.42176949023354
80,99.89016405608125,4.155318007200523,161.7653439096104
81,100.17855628575587,3.7563340171809667,157.3476786419265
82,100.73894702237075,3.82120124450697,159.9977033096323
83,99.74086489086318,4.123788423159266,163.02172131061343
84,99.59575319855341,3.7959991183662694,156.1858888619235
85,99.74912147820773,4.1676875382137055,158.88897021412535
86,100.45770105885104,3.906164814483269,155.61808792805164
87,100.16437555482985,3.9085982830070956,160.18415326131097
88,99.73511989811648,4.16868000382905,159.34762677500098
89,100.25663371655668,4.0631892906415406,156.45442857878876
90,100.04853877467401,3.9229528893687826,160.03095549008674
91,100.48432249526644,4.183433711146206,167.06249739396085
92,99.64897345306133,3.8188899891738877,158.00124479518976
93,99.83616892670112,4.139570228718741,162.99076829944127
94,99.80394592343391,4.138225659250285,161.44788827131492
95,99.26824252593394,4.0112664595438074,159.54900655202277
96,100.14806013853229,4.050420590595195,162.41638894119362
97,100.13052763608995,3.736724521113944,156.85195994080712
98,100.00255672832122,4.184549731009257,162.381560302397
99,99.88270643331242,3.97474892938016,160.33223812284984
100,99.2923146289748,3.966223932998713,157.97221573718844
101,99.78967733861732,4.230834111305645,164.18726448143815
102,99.82864274173662,3.8762669877177864,158.32707173465536
103,99.5988613653892,3.7584216041883685,155.8721564055926
104,99.919357144167,3.6967384508785193,158.0000827680095
105,100.20202542840727,4.100999447428401,159.31407122490555
106,100.94309295060526,3.649604834440217,157.02395713444307
107,100.08728890641592,4.342229945755281,163.44770591747235
108,100.12877519536138,3.570736598887117,157.94354471821504
109,99.96277704211691,4.343013569446317,164.36092068128153
110,99.04061439235048,4.138142054205476,160.85167382073968
111,99.9867430622754,3.981983071398382,161.44873484352212
112,100.03011510497052,3.888004672141158,161.67551937193147
113,101.23162105624264,3.9566651172461493,161.29808231328656
114,99.90381951760943,4.0020911077540875,159.99352607603234
115,100.1507736711668,4.205583009286624,159.50754446374933
116,99.98264411514738,4.02458111821767,158.10690591359963
117,99.41566098119023,4.088494254173352,159.9823236236193
118,100.57141140725751,3.8701364168314774,157.76804546762497
119,100.37596651634338,3.9510142236214483,159.3241828884153
120,100.39551597352153,4.022008756426259,160.53114540081756
121,99.54530627260263,3.7034356942084115,157.86639558709888
122,100.70139715546804,3.6602232000320534,156.81193302193637
123,99.29907446860386,4.2187453719441566,162.8099942413959
124,100.29342854690013,4.004830232935575,160.32396543242606
125,101.095227812905,3.8536805514389645,155.1334862881344
126,99.50473183743466,4.053213602869612,158.40583115977594
127,99.71685113519861,4.097831227552473,160.54856273168082
128,100.04982568254383,3.887065495683745,156.47617831242715
129,99.7482621729419,3.8695128376253467,159.76911692271685
130,99.22466828446693,4.116702222572844,163.8408580326493
131,100.034281487403,3.800897295736693,160.46363740446307
132,99.46884814313695,4.134765736829199,160.65519569800006
133,100.2367962153176,3.635803657620672,159.45788695756542
134,99.54028788288309,4.25180233917682,162.58550224761396
135,100.77496720250878,4.017022776231731,159.88353942133563
136,99.60837335383188,4.090368611479588,159.48106746462994
137,99.83896924189716,4.212641272599386,161.44095797396622
138,100.40675860868484,4.292419028024032,162.35121594750026
139,99.38456784178302,4.264417228825324,162.67728865389572
140,100.11372996730206,3.6204521570034642,156.5825345157854
141,100.65357137714122,3.678727468938738,157.1201524182648
142,99.19625838271939,3.9554104461889255,160.02610999274168
143,100.09231692926615,3.9959865171155524,162.38731618536127
144,100.12994139712421,4.0905376643814035,162.8694556132588
145,100.39091143588865,3.8157600937804417,155.38326071884896
146,99.38152464456095,4.09920088843932,155.57492893686978
147,99.33977169345786,3.9149462441835494,160.68798811104298
148,100.26097078280844,3.8515993611207664,155.91272160578103
149,100.1484923366166,3.7038185469686957,156.6629008342099
150,100.12524642517293,3.802828708260526,155.750684243073
151,100.17322410474848,3.7123406684018847,153.60605786123307
152,99.65998763921075,3.838826585483458,159.30118513084952
153,100.1161268485805,4.199115674463517,163.5675304895307
154,100.14653623664934,3.7954665985686775,156.874913302558
155,99.64282429098682,4.562193983868795,160.26126739989155
156,100.93288725557238,4.00537485461894,159.42770327747064
157,100.23691646045589,4.013275578693386,161.03482202796687
158,99.40434825139867,3.88789361882389,155.62328717639
159,100.32827680431691,4.107234295450107,161.6032011962178
160,99.51265916488634,3.9336065182638107,159.0617750667353
161,100.39354230187122,3.98504773274195,161.20583147755727
162,100.5792977895037,4.45408712870339,165.06968091861404
163,99.58965884082414,4.021822135972656,158.0669128983755
164,100.48168806462216,4.1816858587949195,164.45084562358926
165,100.20639046346825,3.8387256686279976,158.17339277196018
166,100.41103007999725,3.9518992939008832,159.6698988999876
167,100.94839649132697,4.259320477994405,161.20086710746114
168,99.87730594199857,3.886875994242589,157.9208484110422
169,99.62313191782125,4.40017651981726,162.04372572902943
170,99.55524278518723,4.186026108572372,161.2919903584705
171,99.59209485751728,3.9282971590694182,162.50243597973753
172,99.96144914529295,4.13033663328181,158.54028861960185
173,100.17057598740833,4.177453291184513,158.63269810979583
174,100.13834539966501,4.110527452476938,164.1167878795891
175,100.413591624518,3.6445958935701084,156.23410739365633
176,100.00650094593895,3.853922470241131,157.20432969806095
177,100.72676703857866,3.8778195690318333,161.22138858439982
178,99.86767158338102,3.9983461558418885,158.70606627063566
179,101.3600845832948,3.988125961180655,164.21332133054784
180,100.31283367388251,4.0042568327984,161.55483690760377
181,99.57142122179187,3.7757890060787926,156.56777785539245
182,99.46455375096944,4.129584195104249,165.34273525305824
183,100.2412362076216,4.097993528294605,159.8891235407502
184,99.88826860733707,4.123131228852501,162.65963733621214
185,100.35700024704605,4.18045612040632,162.58164648839917
186,100.23661881228678,4.143122549681103,164.15301748175204
187,99.96358554367157,4.09547746147853,164.0595897800748
188,99.5766031409658,4.0283065436116905,160.13537530473135
189,99.24257638765707,3.743550174531095,155.54995419844713
190,99.77674252396649,4.108249391429869,161.89080946216018
191,100.42819939716173,3.998717597716449,158.84584493624115
192,100.1070468720651,4.043611080232565,164.51640873341145
193,99.377130610644,3.8069372237715378,158.03100820520285
194,100.08659046292559,3.775129645625789,157.06394858509645
195,100.19265868986442,4.191364701680139,162.3793369734634
196,99.55807128189943,4.036281841038726,157.44760147227757
197,100.07686255297277,4.1286138841772475,159.38134204123756
198,100.029104359223,4.002753239303792,162.44291238853825
199,99.42851485108469,4.063099742790681,159.03146629550636
200,100.17889368017414,4.169767393177786,159.69329880650105
201,100.53164854459115,3.8436261998974106,159.77539177632423
202,101.04403818440171,3.9148203369480257,162.0416307710071
203,101.28066987023855,3.779477955235136,159.8730211088008
204,100.3161904416496,3.8814817103485773,160.96500769592222
205,100.78736888707762,3.8594286865985103,157.474381132385
206,101.76505532204655,3.8679212221220873,156.71811854876043
207,102.01568694530536,3.702681581136768,161.03732658793132
208,102.2675740944093,4.024393815673775,160.73236552625815
209,104.18767227799067,3.4023113117570323,155.61528322365555
210,102.79800806941694,3.6828248642260344,160.88364096066692
211,103.33160191556769,3.578893596788396,158.56719694446915
212,103.49207625863103,3.9401879510076436,162.05969318355517
213,103.59202728394436,3.680108226907879,162.92710060085315
214,103.35995331737831,3.8703735761558953,159.09667595948784
215,104.14832883135216,3.2880550422573895,156.81039509441246
216,103.63368789524378,3.6900412636494737,158.8312828339108
217,104.1529474805496,3.7626314110697274,160.23997240869858
218,104.27993129141208,3.5884636687138767,161.08153918566987
219,104.81480641642682,3.731615433370388,160.73922905449652
220,106.18245491147745,3.2782968188321804,156.9507878021598
221,104.34274931325186,3.8475945567119303,162.79233489836483
222,105.87076828614204,3.8727027961096465,160.93250664508173
223,104.97253653676698,3.4301786342353697,155.10963527605918
224,105.79418482087414,3.331481013632432,154.12228415871934
225,106.82588233365956,3.608088662057584,155.5611146086536
226,106.56480332613064,3.659434096533078,163.98915688827674
227,106.2450472090253,3.270923273666816,153.62533960973744
228,106.67752402476701,3.2482102341041275,155.37835710625325
229,107.62623103527136,3.181019974700763,155.06968866486548
230,107.17250512635248,3.013859385157897,154.3396598103734
231,107.89717401840907,3.0265522088622525,155.84558352290566
232,108.06298692497703,2.9928731541518836,155.68117198072682
233,107.96565711262926,3.049874775716248,153.31542143633922
234,109.61468561250186,3.0315944612724577,154.78904399140268
235,109.11092936040524,3.1357500104667806,156.478124685847
236,108.03265483732446,3.5068346148303697,158.58729131459884
237,109.38970956944502,2.86135823490774,156.5231282858399
238,109.21684546108314,3.275179933587003,158.3421719696881
239,110.22521164227248,2.9346810669276495,155.92917206251238
240,109.65399088706505,3.0247081693630085,156.39983967449746
241,110.24413931695499,3.110549966737822,158.57451704082635
242,110.8052574585857,2.69492984982897,152.71397034498995
243,111.23689769758758,2.9527921794780525,152.5527067476626
244,110.45512817838166,2.987777623804446,155.90471623074055
245,111.1392820453961,2.9845620482620197,154.1125477177346
246,111.32031628914314,2.92580209986725,153.86094577974455
247,111.48238060984379,3.3428219669978003,160.3421380124101
248,112.94302862767823,2.578149140381914,154.72957186052554
249,112.5140486444252,2.6423957445571165,152.7235249212559
250,111.93237209318424,2.682134685396623,153.40519892575628
251,113.27300132528619,2.56160444363933,155.6569749883069
252,114.12640473167214,2.4598821013714827,152.14352973852803
253,113.83281554484843,2.8545217517366672,160.66499151815165
254,112.8081542130029,3.0032854282976817,157.56795068074138
255,113.57697844095381,2.528152897154724,148.54849267371247
256,114.70380733338729,2.3631481520404254,152.49006842930697
257,113.96777330739161,2.6975057805381195,154.72126122884256
258,114.79477403568116,2.41007798757569,154.07767240176295
259,115.21143762972974,2.6054426005781277,155.00650752318606
260,114.61191164863307,2.579393439306953,152.8229782494185
261,115.29687048779824,2.167164128220729,146.87148005352768
262,113.95725577720164,2.9137754625458485,155.69833599948726
263,115.31695190797606,2.827480343821498,154.2322384837844
264,115.95411793435368,2.282030468467755,149.63631675224497
265,115.70776670047486,2.3516830179653168,152.54787033873183
266,117.39912022483014,2.317261055661967,155.21197967773756
267,116.11910016529103,2.454981341468302,153.39870655697453
268,116.86540489232989,2.4451683653015768,150.49261997511036
269,117.40205370572848,2.6618355371804223,156.20858756110874
270,118.30857634302552,2.133752920198638,152.88508034679046
271,117.12126490430978,2.1282140606613313,148.62320725012944
272,118.672034137384,1.8569327406586942,147.6373101419331
273,118.34682507322336,2.0191314846892805,149.3941037729629
274,118.10221049859662,2.1831535555655783,149.31284417878962
275,119.07527284265927,2.4513842884376302,155.34804017339366
276,119.19500723472142,1.9769770167206242,149.1253774873514
277,119.0466252297623,2.1400950673515498,151.7633281762107
278,119.63289099224376,2.0334263215610737,148.37572435612842
279,119.6565894327249,2.272019711417127,151.6735752298869
280,120.15726118518843,2.4896603666558814,156.41999697480856
281,120.68282413123038,1.8255438322928983,147.85118408436063
282,121.39602348344955,1.7625097631514,151.77703707570558
283,120.2353636073705,2.1852958146767643,151.1713675792237
284,122.17204432551908,1.919173865373354,150.72713026799687
285,120.38074001983674,2.3312674631635333,155.36822630529986
286,121.53214765348723,1.96357087171647,147.56505107804227
287,122.15345508565436,1.7127960732771523,144.68307065163714
288,122.25104869768661,1.8930260963698005,147.0044726834011
289,122.05045928531582,2.016694787584999,153.71734572536226
290,122.50900420145453,1.9131960160940196,149.28274596988257
291,122.61782114071079,1.8396726921503805,154.8220360631957
292,122.82089551097513,1.9312453868203174,149.59440642637597
293,123.79163521936479,1.8546955961526554,150.811876177603
294,123.79659819524382,1.8967719786831236,153.95023878958887
295,123.52289193603801,1.7774527839141276,153.54815958347854
296,124.570402952792,1.5095360886574296,151.5035695162431
297,124.52550905692071,1.5767918315945935,150.44740530559258
298,125.02954663730893,1.738347129570779,151.9463696659852
299,125.18918628025828,1.3176942377767245,146.95658941629875
300,124.71113063524247,1.6026215982503331,149.93850345245784
301,125.09679390201207,1.4116528473333212,145.56255399168217
302,126.00178750607922,1.405570213979041,145.4201981259854
303,126.18458211764136,1.6372321607573244,149.457863751572
304,126.12020246934958,1.4261995666690226,146.98172765631514
305,126.44057323939307,1.3652299856919223,145.9661303779612
306,127.27199827703994,1.0008289441000222,145.0370634744336
307,126.58863641613485,1.4903870715919594,150.10879934112802
308,127.40922708254482,1.3881741279737334,147.76316859359343
309,127.28583834714988,1.7040671099461042,153.6386504351465
310,127.52935035316027,1.1855093176933729,143.33639012524688
311,128.43883566217448,1.1999464993153395,145.8315639056812
312,128.55341169208197,1.1945355675339546,144.78841688017494
313,128.79871461699528,1.4356191942531664,145.0224760168832
314,129.29595548397916,1.0513453451246941,144.99606982155112
315,128.90497428262543,1.1653068768915247,145.8620608934614
316,129.48670512886355,1.1729087890569532,149.49933994148557
317,129.24185154632636,1.1131366699986356,147.01391584225908
318,129.81032438227436,0.9296808388624583,142.15359693110335
319,129.83442596025333,1.0553754025543287,149.17915213833834
320,130.1992517513406,1.2147263499719545,149.68895676644055
321,130.6995885629697,0.7946969401177879,144.46095908959998
322,130.24415599004158,1.026593934829375,144.93504914561487
323,131.95071625090804,0.8599758370121653,142.65623802212872
324,130.6527702037225,1.2390093257849686,146.97206480756884
325,130.79994086948554,0.695362619043245,144.5310938645836
326,132.23734689403645,0.8882156305456823,148.77000236434426
327,132.30537908567496,1.075442375012904,149.9936003495109
328,132.47286392862657,1.3131048058468682,148.38978117920942
329,132.7262330561397,0.9868499477854025,143.99238113934584
330,132.6571931964911,0.8889600946613603,145.49997003868157
331,132.4659456785787,1.376231413888118,146.45840824704482
332,133.20373142482552,0.7103972199167512,144.35217333994981
333,133.07850457137963,0.5602388086759835,141.8464351998523
334,134.15590157525156,1.0880028900106664,147.02590668399594
335,133.8460692991987,0.8995891551294778,142.72952006636055
336,133.7581056729605,0.7957534365738573,145.86378741535825
337,134.26141763193732,1.1416712894598706,147.48202003124354
338,134.87983256130866,1.0487601427542397,145.58768403677615
339,134.6427608391759,0.8871842738526543,140.44869873155122
340,134.7647691992017,0.7439391202658211,144.7667459921578
341,135.5489792841379,1.174491465656029,153.06390749196873
342,135.80087524535335,1.1300402355917323,152.52335840768973
343,135.67617665352046,0.9801648272441235,146.72554408602892
344,135.9453853698039,1.3693273992095332,150.4615425562737
345,136.54818577269893,0.7859830467347695,147.0714718658472
346,135.95937491467845,0.6948949658150523,142.93186623711316
347,136.2309414796459,0.8616183860237511,147.33523839969936
348,136.826707537615,0.9908827967289005,149.85434229286588
349,137.3304623537923,1.0486678898645383,151.60577652331014
350,137.8438959938543,0.951752788428734,148.23916772825459
351,138.67737660093707,1.0704110793028594,149.63545159314322
352,138.61978458547037,0.7496921151619111,145.0508482708412
353,138.36224179029466,1.288752920814652,150.41488939521415
354,138.68395923273206,0.9835697643214862,148.72471947577785
355,138.44345893577156,1.2234591663176255,152.1910521446944
356,139.1867233315013,1.0685450692755407,152.10598161097255
357,139.30290686144446,1.0913506438307568,148.9586019676691
358,139.8598517424806,1.1139534560464408,154.05483756962374
359,139.53613327194245,1.089541712003463,150.1212365539207
360,140.46067828224622,1.128544551973509,151.4730500721613
361,141.21863076303393,1.2658305060264863,151.7731970834862
362,140.64913751371128,1.039304233940294,145.8691305757127
363,141.15562973039619,1.1418007515177024,153.7639131730972
364,141.5511021466093,0.9820528611425546,152.06976747891505
365,141.25667619621788,1.2880234430898945,152.94591741477146
366,141.82058895447307,0.864721539588146,149.69149130756773
367,141.96609519536577,1.3601880865821632,155.61680689891273
368,142.25989332565632,0.9919684098711313,147.9245390477664
369,142.07580666586122,0.7138449795763904,147.11824777400193
370,142.72582292632543,1.0256208829821578,153.20764965222796
371,143.21382326622572,0.8637896685050238,147.7362294718246
372,143.94165220590756,1.1681287097977449,154.2392290652645
373,143.9469720964597,0.8694752041395218,147.95507448037824
374,144.7951841935799,0.9107633133570441,152.43808519522744
375,143.58617546478712,0.6220918538108937,147.94272330590752
376,144.65726584599855,0.9095387361501847,148.1937566526901
377,144.5640328119144,0.5152241346742086,149.76373646161363
378,145.81851955706108,0.6832194353028553,148.272270977963
379,144.57072522918173,1.1520829312288594,152.18568705285068
380,144.80626973217593,1.1571600317301665,154.3758735778515
381,145.17769061195133,1.0850915123569929,155.73703512840302
382,144.6666953539255,0.8066047713741574,148.36775175274752
383,145.71702198664704,0.990457728771604,152.88644798073554
384,145.85158944811764,0.9992794921818863,153.77622264653883
385,146.5576089535396,0.7683270621614915,152.34828631291103
386,146.90454632959714,1.30067966035343,156.81195287888733
387,147.92301004272352,1.1754724581151343,154.98217392434648
388,147.71139282361563,0.9558071652340672,151.75858762285105
389,147.19898535809844,1.005377167798906,153.82555212313102
390,147.2894861316625,1.0416765615895105,151.91723065775514
391,148.23590933449694,0.5916530263151418,144.19178396341067
392,147.58108942664043,0.9505645234958806,154.16930955659438
393,149.40819169448497,0.8636031504004402,155.14799703341927
394,149.33343865332546,0.7996759980210169,147.93761443578921
395,148.7603870483195,0.943779941422809,151.79853152896797
396,148.38966389123345,1.3595373053699045,159.02851352132615
397,150.17442362426863,1.128168572253402,160.4838884740917
398,149.69147379596663,0.8857642020434406,153.74496633376856
399,150.61890815598673,1.1145165562712318,154.99861375824742
400,149.20278617060282,1.2798710873172006,157.03431107626375
401,149.54955871967888,1.1849267365825538,159.37379956396134
402,149.70111431217063,1.0119260739840348,153.67788953767658
403,149.5712289903497,0.8706126444588852,151.89335692646318
404,149.17195218888347,1.139644662722718,155.01693567730484
405,149.55765612195265,1.07869707708435,153.65914161530242
406,148.56166717224338,1.1790386440055465,156.31656065816676
407,148.8735338755798,1.127034360336394,158.95646745809296
408,148.85411766510217,1.209910543063867,157.1723228094218
409,148.90043549743137,0.8929529576878864,152.87504032134197
410,148.84826975060224,1.263478813126865,156.47530046873868
411,147.77938749679464,1.03951992093848,151.1585113403888
412,147.42389768850154,1.415052174525053,159.6286901437956
413,148.6790394159744,0.8621624363820865,152.80546967778247
414,148.0556042421707,1.3471927606330498,157.1387699002346
415,147.3644501990584,1.0395821566925296,160.46426180214422
416,148.36351568625372,0.8697163992771103,153.47642765262933
417,147.4950232467947,0.9032228331891357,151.27615785509835
418,147.87608075283595,0.9359305383611359,152.44463056761825
419,147.16943763266485,1.0848331892803833,156.72994212752974
420,148.01529858555656,1.1045670976071,155.27986108992482
421,147.71184127549296,0.8852599992122842,149.83196467323458
422,146.55893501118763,0.9951290815478034,155.06921619022225
423,147.01844879206007,1.4284540717223728,156.45747694217576
424,146.7045975225313,1.3455086340201423,160.55398065390216
425,146.91547155766065,1.0872647339348065,156.49047924960772
426,145.5979402797602,1.00760069563364,151.98033330489903
427,146.27267397120525,1.0240062653436524,155.9384323625094
428,146.30810671578658,1.1227035945460833,154.51680032440896
429,144.74877096030605,0.7954414869603189,152.03434770000064
430,144.8857576783405,0.948524692515331,152.8975913989125
431,144.3070170769491,0.6662831852244822,147.12362708073763
432,145.04117597976264,1.0798446245210558,152.03193457045694
433,145.3838967560387,1.129439187940548,156.04626189258715
434,145.6255503853445,0.9033627075401252,151.17685160386043
435,144.76066548066214,1.3147973526580066,154.72100934042717
436,145.3871720943937,0.7548468673995318,148.33180956249348
437,143.73205982365639,0.707125023958036,149.7844782825955
438,143.41966556424202,1.0448903637119944,156.28378625772723
439,144.09282916562705,1.209419660522431,152.0055453595293
440,144.1618819707008,1.3367855382915739,155.49723528161164
441,143.8027481033399,0.908223147426212,153.80804663676295
442,142.63462065852275,1.2157361666862592,153.31538921363253
443,143.4730279199421,0.9922983060998586,152.5642406134691
444,142.71459942060184,0.9654745400118361,148.88725805412554
445,143.55091667642506,1.1767319874973345,154.39939240760117
446,143.24862575621424,1.1304645756826839,152.55467010492487
447,142.44463297115792,0.68472156860315,150.04099216297018
448,142.50688563680905,1.295308069945179,156.58129562098583
449,142.0834585656887,1.2760182708294903,158.9810392751765
450,142.43097200915236,0.8748874596980941,151.1236269479843
451,142.78912894919534,1.0791607066874818,152.83776417463682
452,141.6679409969327,1.0988060372565478,152.2107994741865
453,142.2620735090152,1.0521347531647813,150.94605170053407
454,141.59416767322583,0.889938969230916,150.37344121584545
455,141.31210629743669,0.8656753264123896,148.72200359256416
456,141.50427376474636,0.9948891858017109,151.0379506929295
457,140.8894140146697,1.2345458038518728,155.42536011706952
458,140.9794567543616,1.1087200309188865,149.56384355581037
459,140.50658869189652,0.9258771335827788,151.79182280403415
460,141.93713643580494,1.154339742129669,155.1461957738789
461,140.82165187648837,0.43029147587398486,144.47760364300186
462,140.303403577662,1.2297531400744206,148.20552339155805
463,140.6095025181812,0.65205724424438,145.6096797273455
464,140.29559476912445,0.9275118117193736,152.01690459487816
465,140.090520225359,0.7760660210747712,147.76018419882945
466,140.3573346063031,0.7410637048558188,145.59069988711994
467,140.27825134246086,1.2321653574757039,151.45122940353104
468,139.48349314478767,0.9064597597376217,150.48758422277916
469,139.3100808294264,1.069300776346143,151.44151531457737
470,139.3097103323287,0.9906158842241631,149.08314981006663
471,138.1455218296925,1.0954081654446244,149.29319374566313
472,138.3881331121168,1.0153643782120512,148.56419404009128
473,139.6784120080941,0.7434015551622861,145.42840118667291
474,139.6667049622783,1.199253363889428,155.05663749897232
475,138.56894931690525,0.9012486833677376,147.6523205537073
476,138.8309920493671,0.6886836202680497,148.73664926901503
477,138.54758487626674,0.9143769678068174,151.46019422004645
478,139.78064643437835,1.3001519581268621,154.8884645947537
479,138.65023971702385,1.1700443484226986,150.1623227173028
480,137.87573969672192,0.9302695731184282,149.04802576021848
481,137.3111745033179,0.9301484591363143,147.90868063024024
482,136.83496779464508,0.9356729897565235,145.96681007342752
483,137.58916900386328,1.415349596712168,153.5967990324965
484,136.95850804444328,1.0763870904463106,146.88504534436512
485,136.47480279344236,1.086008329438214,151.47284346802644
486,136.71188943727574,1.2060566908063683,149.48727703210477
487,136.34364810874555,1.0477578318053027,149.0517216841715
488,137.57723915924484,0.9481915708358594,148.8371110310733
489,137.02373445133904,0.9607300301830044,147.6013575800914
490,136.4281744833618,0.9856797481171872,149.24427232580334
491,137.02137910462088,0.9925555526980316,147.4864377660457
492,136.16933742015547,1.145525908727396,151.2825223922662
493,135.54925739682332,1.01038917716146,145.1865611095328
494,136.59070776727805,1.1465280154431159,150.013393197163
495,135.94784698164133,0.9838566839782835,151.6903483287201
496,135.00901511379155,1.0157270380632182,145.66111528831684
497,135.28171508306875,0.6003598630935785,142.28896623142043
498,134.78832152657395,1.1832655349404964,150.2546318120098
499,134.38397701893993,1.0692976951795985,148.24412902514516
500,135.38771188934373,1.1996020219719306,150.39113636293828
501,135.72857766696873,0.4207489243612621,143.05015233739235
502,133.92383179097988,1.4176749409561455,152.40810824217493
503,134.7538464273905,0.9720820743689652,149.31714364129735
504,133.99628675564009,1.2216365633475033,150.03414632515208
505,133.92729157947446,0.7920188145748939,144.4013186262491
506,133.7239035403931,1.1225547810125138,149.43264698272716
507,133.43735134882846,0.7893168873652687,148.41160841785737
508,133.74285377879653,0.875246207860839,145.35862147524153
509,133.15236413777438,1.3828062707733573,148.4551861672795
510,133.5523138400256,0.9618635198473307,148.60895345706004
511,133.24121260356688,1.0434865746359445,146.81470972023567
512,132.99610386601404,1.1740135461377508,143.89284830235647
513,132.5110422895822,1.0991363775945209,148.94172827503715
514,132.52568468647465,1.0300837810287153,145.49302378161664
515,133.04101219582745,1.072992200493245,147.06936153823784
516,132.76302140788255,1.480683117047655,151.85230253555585
517,131.87303142282684,0.9884762405932829,146.20227747690438
518,132.26072142909652,1.0402198093429935,147.9514624422563
519,132.4359950692236,1.2101308792015224,147.44833358548735
520,131.07484509813278,1.2211051865915967,148.77468601133452
521,132.0304740660392,1.237406061112076,147.87020428897253
522,131.2767283215321,1.127746044405837,148.39344556659944
523,131.74258576645738,0.7713990174539033,144.81601802579382
524,130.92490308504532,1.3266863064602192,146.8584372030357
525,130.25333784414008,0.7707309213962624,145.00594236838273
526,130.19125390668657,1.0605270930478066,144.62897099359327
527,130.87831383011462,0.8491448299961284,145.54672081158088
528,130.83337883880043,0.9871723306814015,146.0229873530169
529,130.10060550654327,1.065752482060696,149.38419492746885
530,130.72130627963995,1.0642714430900546,145.55643560597682
531,129.42049625027258,1.142334525819799,145.4349597910979
532,130.06746261323917,1.3227422538117295,148.22231463296143
533,129.34424064383737,1.1562827959190596,145.6285887154407
534,129.47307692097328,1.003860980844542,146.37503207281617
535,129.67194054168834,1.225623379488837,143.85958284885936
536,129.06728075454396,1.3311660223305324,145.7379357622846
537,129.15445589622678,0.8390328473499237,140.83195057845427
538,129.6991263041047,1.1495673835595008,148.2458521715945
539,128.7567801958917,1.2645565288730087,150.4451821318398
540,129.31231841784162,1.0092554575438393,144.53981534728428
541,128.178865165636,1.4572548460987225,148.32433759742523
542,128.85786691307825,1.084202191285669,145.41105969562219
543,129.16299536560533,1.108815754133776,147.99341182935677
544,127.0556350363685,1.259822131506376,144.27133256486687
545,127.74225588985271,1.228890220531022,146.63676811570616
546,128.278485812334,0.95289640138756,145.61860217960745
547,127.737673286878,0.9382224947933402,144.2532499312521
548,127.87401514774093,1.531499497870901,149.63116578577697
549,127.23569584885314,1.1070381454510205,146.69032156407104
550,127.43022956710328,1.0586985733984104,138.89563593153727
551,127.15834228682657,0.8534877485966001,143.4697992684411
552,127.6693181665083,1.105275833811269,143.57926605511196
553,127.06188378848478,1.0291936624700224,140.1616127252297
554,126.95272092902755,1.633130939124519,150.8300750548089
555,126.42722734608449,1.5592406832600776,151.5533375959689
556,126.23860894826527,1.2385090361379285,145.22949780625655
557,126.11537919754748,1.8389492413141135,153.35293110632077
558,126.37813059380223,1.5585400380180965,151.99902219305937
559,125.81965851335872,1.3530678719624036,149.0703368834715
560,126.02428441337283,0.8976904156880029,145.26897542230924
561,126.76634361540312,1.781554152977837,152.6829683196237
562,126.01345179895202,1.1207403267520788,144.36499644479997
563,125.26412391230804,1.1445078593778177,140.87320892613786
564,125.87698887062972,1.6168151993389566,148.6145214524445
565,124.92159045419275,1.995791435848579,150.7322163949498
566,123.95581210427038,1.8812733532750656,155.13252501988146
567,124.32007744755637,1.6807740792548347,148.61600789146183
568,123.73797087365791,1.7451537809672655,149.56693286007058
569,124.34685632330599,1.7359974794254631,150.63637370798855
570,124.38106848607718,1.7136788693496348,149.41452782927988
571,125.05932418377584,1.550305866416291,151.42282283691236
572,124.23381544567606,1.5974586762227696,146.84619576159682
573,123.81004772554532,1.6064766018655636,148.35900479190278
574,124.18354701169727,1.4308523810569378,144.91535614502192
575,122.51252279775737,1.6926127048509083,145.54234342494635
576,123.58514396247138,1.3028942409137851,143.59797620856295
577,123.70201551151635,1.6101305234894148,147.8782393965555
578,122.42653602283873,1.5596281762859432,145.95094532524428
579,123.5869523984879,1.4205868967080562,144.61450320657679
580,123.0335698117874,1.7326218490519556,146.03036846906957
581,122.50592388224557,2.0278080690443634,151.36483148630901
582,122.8792050034049,1.895742820859972,147.38758996224016
583,123.54740673040973,1.3311592062343913,146.605407354928
584,122.35223966019258,1.5668504066666746,147.00950340263205
585,122.23466305696927,1.9646879319007167,147.84910784856194
586,121.73011854520475,1.6304906667718635,146.55154778622128
587,121.38412304139825,1.8166610658607696,147.35435936812564
588,122.07345936555856,1.9026644832490542,150.70172353610818
589,121.07949577548779,1.6983815314784942,150.20446409457512
590,121.3925670382077,1.8818183974084217,145.76412255389656
591,120.96720142737122,1.636474758279237,147.0784004547728
592,121.29476629478275,1.7502498417314825,147.8296159735729
593,121.0713536657088,1.9568210202576275,151.44656718833158
594,121.27253881635005,1.5541473716586611,146.604136381237
595,120.34800687594951,2.053294259997129,149.2030073744684
596,120.31732383888598,1.9643400563260656,149.16395461137043
597,119.81212567979729,2.1292854229037004,149.60686535532867
598,119.92860713880617,2.0519221129323153,152.63553897592342
599,120.18865024652243,2.253963061342526,152.67657903403034
